store_id,hub_id,store_name,store_segment,store_plan_price,store_latitude,store_longitude
3,2,Store1,FOOD,0,,
6,3,Store2,FOOD,0,-30.0374149,-51.20352
8,3,Store3,FOOD,0,-30.0374149,-51.20352
53,8,Store4,FOOD,0,-22.921475,-43.234822
54,8,Store5,FOOD,0,-22.921475,-43.234822
56,8,Store6,FOOD,49,-22.921475,-43.234822
58,8,Store7,FOOD,49,-22.921475,-43.234822
82,8,Store8,FOOD,0,-22.921475,-43.234822
83,8,Store9,FOOD,0,-22.921475,-43.234822
84,8,Store10,FOOD,49,-22.921475,-43.234822
85,8,Store11,FOOD,0,-22.921475,-43.234822
88,8,Store12,GOOD,0,-22.921475,-43.234822
89,8,Store13,FOOD,49,-22.921475,-43.234822
90,8,Store14,FOOD,49,-22.921475,-43.234822
95,8,Store15,FOOD,49,-22.921475,-43.234822
96,5,Store16,FOOD,0,-23.0007498,-43.318364
99,8,Store17,FOOD,0,-22.921475,-43.234822
100,8,Store18,FOOD,49.9,-22.921475,-43.234822
122,4,Store19,GOOD,0,,
141,8,Store20,FOOD,0,-22.921475,-43.234822
144,8,Store21,FOOD,49.9,-22.921475,-43.234822
149,8,Store22,FOOD,0,-22.921475,-43.234822
164,8,Store23,GOOD,0,-22.921475,-43.234822
187,13,Store24,FOOD,49,-22.8858199,-43.2792183
189,13,Store25,FOOD,49,-22.8858199,-43.2792183
191,13,Store26,FOOD,49,-22.8858199,-43.2792183
228,8,Store27,GOOD,0,-22.9241443,-43.2363449
232,16,Store28,FOOD,0,-23.0174723,-43.4799389
236,13,Store29,FOOD,0,-22.8858199,-43.2792183
245,18,Store30,FOOD,0,-22.9454948,-43.1821807
261,18,Store31,FOOD,49,-22.9454948,-43.1821807
264,8,Store32,GOOD,0,-22.9241443,-43.2363449
274,16,Store33,FOOD,0,-23.0174723,-43.4799389
294,13,Store34,FOOD,0,-22.8858199,-43.2792183
295,8,Store35,GOOD,29.9,-22.921475,-43.234822
311,13,Store36,GOOD,29,-22.8858199,-43.2792183
321,17,Store37,FOOD,0,-23.5920041,-46.6365035
339,17,Store38,FOOD,49.9,-23.5920041,-46.6365035
342,13,Store39,GOOD,0,,
345,13,Store40,FOOD,49,-22.8860986,-43.2795475
356,21,Store41,FOOD,49.9,-23.550407,-46.6973162
357,22,Store42,FOOD,0,-23.0007532,-43.3837713
361,22,Store43,FOOD,0,-23.0007532,-43.3837713
365,20,Store44,FOOD,49.9,-22.996848,-43.361197
366,20,Store45,FOOD,49,-22.996848,-43.361197
367,20,Store46,FOOD,49,-22.996848,-43.361197
370,20,Store47,FOOD,49,-22.996848,-43.361197
371,20,Store48,FOOD,0,-22.996848,-43.361197
373,20,Store49,FOOD,49,-22.996848,-43.361197
377,20,Store50,GOOD,0,-23.0007532,-43.3837713
378,21,Store51,FOOD,49.9,-23.550407,-46.6973162
383,21,Store52,FOOD,49.9,-23.550407,-46.6973162
387,22,Store53,FOOD,49,-23.0007532,-43.3837713
390,17,Store54,FOOD,49.9,-23.5920041,-46.6365035
391,20,Store55,FOOD,0,-22.996848,-43.361197
399,13,Store56,FOOD,0,-22.8843321,-43.283366
406,20,Store57,FOOD,49,-23.0007532,-43.3837713
409,16,Store58,FOOD,0,-23.0172627,-43.4791238
414,13,Store59,FOOD,0,-22.886644,-43.2801892
415,8,Store60,FOOD,,-22.921475,-43.234822
416,21,Store61,FOOD,0,-23.550407,-46.721291
417,20,Store62,FOOD,0,-22.996848,-43.361197
426,20,Store63,FOOD,,-22.996848,-43.361197
430,21,Store64,FOOD,0,-23.550407,-46.721291
435,16,Store65,FOOD,49.9,-23.0172627,-43.4791238
439,16,Store66,FOOD,49.9,-23.0172627,-43.4791238
446,20,Store67,GOOD,29,-22.996848,-43.361197
447,21,Store68,GOOD,29,-23.550407,-46.721291
453,20,Store69,FOOD,49,-22.996848,-43.361197
462,18,Store70,FOOD,49,-22.9464282,-43.1823091
476,20,Store71,GOOD,29,-22.996848,-43.361197
482,25,Store72,GOOD,49.9,-23.5677027,-46.642043
490,22,Store73,FOOD,49.9,-23.0007532,-43.3837713
491,16,Store74,GOOD,29.9,-23.0172627,-43.4791238
493,25,Store75,FOOD,49.9,-23.5677027,-46.642043
495,25,Store76,FOOD,0,-23.5623285,-46.642043
496,26,Store77,FOOD,,-23.5630195,-46.652621
497,13,Store78,FOOD,0,-22.8843321,-43.283366
501,25,Store79,FOOD,49.9,-23.5677027,-46.642043
508,20,Store80,FOOD,49,-22.996848,-43.361197
515,18,Store81,FOOD,49,-22.9464282,-43.1823091
520,26,Store82,FOOD,49.9,-23.5630195,-46.652621
524,3,Store83,GOOD,49.9,-30.0374149,-51.20352
525,25,Store84,FOOD,49.9,-23.5677027,-46.642043
529,20,Store85,FOOD,49,-22.996848,-43.361197
531,16,Store86,FOOD,49.9,-23.0172627,-43.4791238
532,13,Store87,GOOD,29.9,-22.886644,-43.2801892
540,22,Store88,GOOD,49,-23.0007532,-43.3837713
545,3,Store89,FOOD,49.9,-30.0374149,-51.20352
555,20,Store90,FOOD,49,-22.996848,-43.361197
563,3,Store91,FOOD,49.9,-30.038145,-51.20352
564,20,Store92,FOOD,49.9,-22.996848,-43.361197
582,16,Store93,FOOD,49.9,-23.020709,-43.4897
585,21,Store94,GOOD,29.9,-23.550407,-46.721291
586,26,Store95,FOOD,49.9,-23.563758,-46.652621
587,8,Store96,FOOD,,-22.921475,-43.234822
590,20,Store97,FOOD,49,-22.996848,-43.361197
591,27,Store98,FOOD,49.9,-23.622995,-46.699204
595,27,Store99,GOOD,49.9,-23.622995,-46.699204
599,21,Store100,GOOD,,-23.550407,-46.721291
600,21,Store101,GOOD,29.9,-23.550407,-46.721291
603,27,Store102,GOOD,29.9,-23.622995,-46.699204
604,16,Store103,FOOD,49.9,-23.020709,-43.4897
605,16,Store104,GOOD,49.9,-23.020709,-43.4897
606,8,Store105,GOOD,,-22.921475,-43.234822
607,27,Store106,FOOD,49.9,,
616,18,Store107,FOOD,49,-22.94733,-43.183534
622,28,Store108,FOOD,49.9,-23.595775,-46.685984
623,28,Store109,FOOD,49.9,-23.595775,-46.685984
624,28,Store110,FOOD,49.9,-23.595775,-46.685984
626,28,Store111,GOOD,29.9,-23.595775,-46.685984
627,27,Store112,GOOD,29.9,-23.622995,-46.699204
629,8,Store113,FOOD,,-22.921475,-43.234822
631,28,Store114,FOOD,,-23.595775,-46.685984
632,28,Store115,FOOD,,-23.595775,-46.685984
633,21,Store116,GOOD,49.9,-23.550407,-46.721291
640,28,Store117,GOOD,49,-23.595775,-46.685984
641,26,Store118,GOOD,29.9,-23.563758,-46.652621
644,13,Store119,FOOD,,-22.887521,-43.283366
646,21,Store120,FOOD,49.9,-23.550407,-46.721291
648,27,Store121,FOOD,49.9,-23.622995,-46.699204
651,27,Store122,FOOD,49.9,-23.622995,-46.699204
652,25,Store123,GOOD,29.9,-23.570765,-46.642043
656,3,Store124,FOOD,0.01,-30.038145,-51.20352
657,21,Store125,GOOD,29.9,-23.550407,-46.721291
658,29,Store126,FOOD,,-23.561053,-46.558976
659,29,Store127,FOOD,,-23.561053,-46.558976
660,16,Store128,FOOD,49,-22.989451,-43.433223
661,20,Store129,FOOD,49,-22.996848,-43.361197
666,25,Store130,FOOD,49.9,-23.570765,-46.642043
669,29,Store131,FOOD,49.9,-23.561053,-46.558976
673,18,Store132,FOOD,49,-22.950331,-43.184893
674,29,Store133,FOOD,49.9,-23.561053,-46.558976
676,31,Store134,FOOD,,-23.631835,-46.735203
678,18,Store135,FOOD,49,-22.949561,-43.185022
679,18,Store136,FOOD,49,-22.94733,-43.183534
681,5,Store137,FOOD,49.9,-23.003717,-43.317444
682,25,Store138,FOOD,49.9,-23.570765,-46.642043
684,17,Store139,GOOD,29.9,-23.599551,-46.636755
685,20,Store140,GOOD,29.9,-22.996848,-43.361197
686,29,Store141,FOOD,49.9,-23.561053,-46.558976
687,17,Store142,GOOD,29.9,-23.599551,-46.636755
689,17,Store143,GOOD,29.9,-23.599551,-46.636755
690,29,Store144,FOOD,49.9,-23.561053,-46.558976
692,29,Store145,FOOD,49.9,-23.561053,-46.558976
693,29,Store146,GOOD,29,-23.561053,-46.558976
695,5,Store147,FOOD,49,-23.004907,-43.318364
697,21,Store148,GOOD,29.9,-23.550407,-46.721291
700,21,Store149,GOOD,29.9,-23.550407,-46.721291
701,21,Store150,GOOD,29.9,-23.550407,-46.721291
702,21,Store151,GOOD,,-23.550407,-46.721291
706,17,Store152,GOOD,29.9,-23.599551,-46.636755
707,33,Store153,FOOD,,-23.579067,-46.594006
716,33,Store154,FOOD,49.9,-23.579067,-46.594006
728,33,Store155,FOOD,49.9,-23.579067,-46.594006
735,33,Store156,FOOD,49.9,-23.579067,-46.594006
739,16,Store157,GOOD,29,-23.020709,-43.4897
745,3,Store158,GOOD,,-30.037362,-51.204753
747,21,Store159,GOOD,29.9,-23.550407,-46.721291
748,27,Store160,FOOD,49.9,-23.622995,-46.699204
753,3,Store161,FOOD,0,-30.038145,-51.20352
754,13,Store162,GOOD,,-22.887521,-43.283366
762,26,Store163,GOOD,29.9,-23.563758,-46.652621
763,26,Store164,GOOD,49.9,-23.563758,-46.652621
767,29,Store165,FOOD,49.9,-23.561053,-46.558976
771,27,Store166,FOOD,49.9,-23.622995,-46.699204
773,18,Store167,FOOD,49,-22.94733,-43.183534
780,29,Store168,FOOD,,-23.561053,-46.558976
783,22,Store169,FOOD,49,-23.000149,-43.381736
785,33,Store170,FOOD,49.9,-23.579067,-46.594006
786,33,Store171,GOOD,49.9,-23.579067,-46.594006
787,33,Store172,FOOD,49.9,-23.579067,-46.594006
790,33,Store173,FOOD,49.9,-23.579889,-46.594297
791,8,Store174,FOOD,0,-22.921475,-43.234822
792,13,Store175,FOOD,0,-22.887521,-43.283366
801,20,Store176,FOOD,49,-22.996848,-43.361197
802,20,Store177,FOOD,49,-22.996848,-43.361197
804,18,Store178,FOOD,49,-22.94733,-43.183534
806,27,Store179,GOOD,,,
807,29,Store180,GOOD,,,
808,28,Store181,GOOD,,,
809,25,Store182,GOOD,29.9,-23.570765,-46.642043
810,22,Store183,FOOD,49,-23.001696,-43.386494
811,8,Store184,GOOD,0.01,-22.921475,-43.234822
824,26,Store185,GOOD,29.9,-23.563758,-46.652621
828,20,Store186,GOOD,,-22.996848,-43.361197
832,27,Store187,GOOD,29.9,-23.622995,-46.699204
837,33,Store188,GOOD,29,-23.579067,-46.594006
840,26,Store189,FOOD,49.9,-23.563758,-46.652621
845,13,Store190,FOOD,,-22.887521,-43.283366
847,13,Store191,GOOD,29,-22.887521,-43.283366
850,22,Store192,FOOD,49,-23.001696,-43.386494
859,20,Store193,FOOD,49.9,-22.996848,-43.361197
864,3,Store194,FOOD,0.01,-30.038145,-51.20352
869,18,Store195,FOOD,49,-22.94733,-43.183534
870,18,Store196,FOOD,49,-22.949297,-43.188152
875,31,Store197,FOOD,49.9,-23.631835,-46.735203
876,26,Store198,GOOD,29.9,-23.569798,-46.659254
877,33,Store199,GOOD,29,-23.579067,-46.594006
879,28,Store200,FOOD,49.9,-23.595775,-46.685984
882,35,Store201,FOOD,49,-22.97315,-43.370811
883,35,Store202,FOOD,49,-22.97315,-43.370811
886,35,Store203,FOOD,,-22.97315,-43.370811
894,35,Store204,FOOD,49,-22.97315,-43.370811
902,8,Store205,GOOD,29,-22.921475,-43.234822
903,35,Store206,FOOD,49,-22.97315,-43.370811
904,25,Store207,GOOD,29,-23.570765,-46.642043
911,28,Store208,FOOD,0,-23.595775,-46.685984
912,3,Store209,FOOD,49,-30.035516,-51.204007
913,27,Store210,GOOD,29.9,-23.622995,-46.699204
915,25,Store211,GOOD,29.9,-23.570765,-46.642043
918,27,Store212,GOOD,,-23.622995,-46.699204
921,29,Store213,GOOD,29.9,-23.561053,-46.558976
923,3,Store214,GOOD,29.9,-30.027068,-51.19292
924,29,Store215,GOOD,29,-23.561053,-46.558976
931,31,Store216,FOOD,49.9,-23.631835,-46.735203
933,31,Store217,FOOD,49.9,-23.631835,-46.735203
938,27,Store218,FOOD,49.9,-23.622995,-46.699204
941,27,Store219,FOOD,49.9,-23.622995,-46.699204
944,35,Store220,FOOD,49,-22.97315,-43.370811
945,29,Store221,GOOD,29.9,-23.561053,-46.558976
946,29,Store222,GOOD,29.9,-23.561053,-46.558976
947,5,Store223,FOOD,49,-23.004907,-43.318364
948,27,Store224,GOOD,29.9,-23.622995,-46.699204
950,33,Store225,FOOD,49.9,-23.579067,-46.594006
951,33,Store226,GOOD,29.9,-23.579067,-46.594006
952,26,Store227,GOOD,29.9,-23.563758,-46.652621
953,26,Store228,GOOD,29.9,-23.561121,-46.666602
955,51,Store229,FOOD,,-22.926904,-43.572533
960,33,Store230,GOOD,29,-23.579067,-46.594006
961,21,Store231,FOOD,49.9,-23.550407,-46.721291
964,26,Store232,GOOD,29.9,-23.54166,-46.657483
965,17,Store233,GOOD,29.9,-23.603557,-46.657894
966,35,Store234,FOOD,49,-22.97315,-43.370811
967,28,Store235,GOOD,29.9,-23.595215,-46.666397
968,28,Store236,GOOD,29.9,-23.586689,-46.67986
975,36,Store237,FOOD,49,-30.085743,-51.245997
976,36,Store238,FOOD,49,-30.085743,-51.245997
977,36,Store239,FOOD,49,-30.085743,-51.245997
978,55,Store240,GOOD,29.9,-23.515421,-46.665322
983,35,Store241,FOOD,49,-22.97315,-43.370811
984,33,Store242,GOOD,,-23.579067,-46.594006
989,36,Store243,GOOD,29,-30.085743,-51.245997
995,31,Store244,GOOD,29,-23.631835,-46.735203
997,33,Store245,GOOD,29,-23.579067,-46.594006
998,20,Store246,FOOD,49,-22.996848,-43.361197
999,35,Store247,FOOD,49,-22.97315,-43.370811
1000,20,Store248,GOOD,49,-22.996848,-43.361197
1001,26,Store249,FOOD,49.9,-23.563758,-46.652621
1002,20,Store250,FOOD,49.9,-22.996848,-43.361197
1003,29,Store251,GOOD,29,-23.561053,-46.558976
1006,25,Store252,GOOD,29.9,-23.570765,-46.642043
1008,29,Store253,GOOD,29.9,-23.561053,-46.558976
1009,20,Store254,FOOD,49.9,-22.996848,-43.361197
1010,16,Store255,GOOD,49,-23.020709,-43.4897
1014,31,Store256,GOOD,29,-23.631835,-46.735203
1015,31,Store257,GOOD,29.9,-23.658852,-46.737876
1016,36,Store258,FOOD,49,-30.085743,-51.245997
1018,36,Store259,FOOD,49,-30.085743,-51.245997
1019,20,Store260,GOOD,49,-22.996848,-43.361197
1022,29,Store261,GOOD,29,-23.561053,-46.558976
1025,21,Store262,GOOD,29,-23.528072,-46.731195
1026,22,Store263,GOOD,29.9,-23.001696,-43.386494
1027,33,Store264,GOOD,,-23.579067,-46.594006
1029,55,Store265,GOOD,29.9,-23.515578,-46.665665
1034,18,Store266,GOOD,29.9,-22.964613,-43.220246
1037,35,Store267,FOOD,,-22.97315,-43.370811
1041,26,Store268,GOOD,49.9,-23.563758,-46.652621
1042,36,Store269,FOOD,49,-30.085743,-51.245997
1044,36,Store270,GOOD,29,-30.085743,-51.245997
1056,16,Store271,FOOD,49,,
1057,36,Store272,FOOD,,-30.085743,-51.245997
1061,33,Store273,GOOD,29,-23.579067,-46.594006
1064,8,Store274,GOOD,49,-22.921475,-43.234822
1071,25,Store275,GOOD,29.9,-23.570765,-46.642043
1076,20,Store276,FOOD,49,-22.996848,-43.361197
1080,18,Store277,GOOD,29.9,-22.94733,-43.183534
1082,35,Store278,GOOD,29.9,-22.97315,-43.370811
1083,27,Store279,GOOD,29.9,-23.622995,-46.699204
1084,28,Store280,GOOD,29.9,-23.595775,-46.685984
1091,20,Store281,GOOD,29.9,-22.996848,-43.361197
1092,18,Store282,GOOD,29,-22.94733,-43.183534
1093,36,Store283,GOOD,29,-30.085743,-51.245997
1095,22,Store284,GOOD,29,-23.001696,-43.386494
1096,8,Store285,GOOD,29,-22.921475,-43.234822
1097,28,Store286,GOOD,29.9,-23.595775,-46.685984
1098,33,Store287,GOOD,29,-23.579067,-46.594006
1099,29,Store288,GOOD,29,-23.561053,-46.558976
1101,26,Store289,GOOD,29.9,-23.563758,-46.652621
1103,27,Store290,GOOD,29,-23.622995,-46.699204
1104,13,Store291,GOOD,,-22.887521,-43.283366
1105,25,Store292,GOOD,29,-23.570765,-46.642043
1106,21,Store293,GOOD,29,-23.550407,-46.721291
1107,21,Store294,FOOD,49,-23.550407,-46.721291
1114,35,Store295,FOOD,49.9,-22.97315,-43.370811
1117,21,Store296,GOOD,29,-23.550407,-46.721291
1118,35,Store297,GOOD,29,-22.97315,-43.370811
1119,28,Store298,FOOD,,-23.595775,-46.685984
1120,27,Store299,GOOD,29,-23.622995,-46.699204
1121,20,Store300,GOOD,29,-22.996848,-43.361197
1122,27,Store301,GOOD,29,-23.622995,-46.699204
1123,8,Store302,GOOD,,-22.921475,-43.234822
1125,36,Store303,FOOD,49,-30.085743,-51.245997
1127,16,Store304,FOOD,49,-23.020709,-43.4897
1128,17,Store305,GOOD,29.9,-23.599551,-46.636755
1141,21,Store306,GOOD,29,-23.550407,-46.721291
1143,3,Store307,GOOD,49,-29.972736,-51.195821
1146,33,Store308,GOOD,29.9,-23.579067,-46.594006
1150,26,Store309,FOOD,49.9,-23.563758,-46.652621
1152,8,Store310,FOOD,29,-22.922908,-43.2349
1153,13,Store311,FOOD,49,-22.887521,-43.283366
1154,27,Store312,GOOD,29.9,-23.622995,-46.699204
1157,27,Store313,GOOD,29,-23.622995,-46.699204
1160,3,Store314,GOOD,49,-30.03821,-51.2217
1161,31,Store315,GOOD,,-23.631835,-46.735203
1162,13,Store316,GOOD,29,-22.887521,-43.283366
1163,33,Store317,GOOD,29,-23.579067,-46.594006
1164,26,Store318,GOOD,29,-23.563758,-46.652621
1165,17,Store319,GOOD,29,-23.599551,-46.636755
1166,33,Store320,GOOD,29,-23.579067,-46.594006
1167,31,Store321,GOOD,29,-23.631835,-46.735203
1175,31,Store322,GOOD,,-23.631835,-46.735203
1187,33,Store323,GOOD,29,,
1199,31,Store324,GOOD,29,-23.631835,-46.735203
1204,18,Store325,GOOD,,,
1205,29,Store326,GOOD,29,-23.561053,-46.558976
1208,16,Store327,FOOD,49,-23.020709,-43.4897
1210,26,Store328,FOOD,49,-23.561506,-46.668456
1213,21,Store329,GOOD,29.9,-23.550407,-46.721291
1214,21,Store330,GOOD,29,-23.550407,-46.721291
1215,17,Store331,GOOD,29,-23.599551,-46.636755
1218,20,Store332,FOOD,49.9,-22.996848,-43.361197
1220,33,Store333,GOOD,29,-23.579067,-46.594006
1224,31,Store334,GOOD,,-23.631835,-46.735203
1230,27,Store335,GOOD,29,-23.622995,-46.699204
1232,33,Store336,GOOD,,-23.579067,-46.594006
1233,3,Store337,GOOD,29,-30.029656,-51.217429
1235,33,Store338,GOOD,29,-23.579067,-46.594006
1236,33,Store339,GOOD,29.9,-23.579067,-46.594006
1237,33,Store340,GOOD,29.9,-23.579067,-46.594006
1238,33,Store341,GOOD,29.9,-23.579067,-46.594006
1239,33,Store342,GOOD,29.9,-23.579067,-46.594006
1242,35,Store343,GOOD,29.9,-22.97315,-43.370811
1246,31,Store344,GOOD,29,-23.631835,-46.735203
1247,25,Store345,GOOD,29.9,-23.570765,-46.642043
1254,31,Store346,GOOD,29,-23.631835,-46.735203
1259,26,Store347,GOOD,29.9,-23.563758,-46.652621
1263,33,Store348,GOOD,29,-23.579067,-46.594006
1271,21,Store349,GOOD,,-23.550407,-46.721291
1272,20,Store350,GOOD,29.9,-22.996848,-43.361197
1273,35,Store351,GOOD,29.9,-22.97315,-43.370811
1274,28,Store352,GOOD,29,-23.595775,-46.685984
1276,35,Store353,GOOD,29.9,-22.97315,-43.370811
1278,35,Store354,GOOD,29.9,-22.97315,-43.370811
1279,8,Store355,GOOD,29.9,-22.921475,-43.234822
1280,33,Store356,GOOD,29.9,-23.579067,-46.594006
1283,27,Store357,GOOD,29,-23.622995,-46.699204
1288,31,Store358,GOOD,29,-23.631835,-46.735203
1290,26,Store359,GOOD,29,-23.563758,-46.652621
1292,18,Store360,GOOD,,,
1293,35,Store361,GOOD,29,-22.97315,-43.370811
1300,29,Store362,GOOD,29,-23.561053,-46.558976
1303,13,Store363,GOOD,,-22.887521,-43.283366
1304,25,Store364,GOOD,29,-23.570765,-46.642043
1307,8,Store365,FOOD,49.9,-22.921475,-43.234822
1314,27,Store366,GOOD,29,-23.622995,-46.699204
1317,31,Store367,GOOD,49,-23.631835,-46.735203
1318,33,Store368,GOOD,29,-23.579067,-46.594006
1321,31,Store369,FOOD,49,-23.631835,-46.735203
1324,3,Store370,FOOD,,-30.038145,-51.20352
1325,31,Store371,GOOD,29.9,-23.629826,-46.735203
1330,31,Store372,GOOD,,-23.631835,-46.735203
1332,20,Store373,GOOD,29,-22.996848,-43.361197
1333,20,Store374,GOOD,29,-22.996848,-43.361197
1335,8,Store375,GOOD,29,-22.921475,-43.234822
1338,31,Store376,FOOD,49.9,-23.631835,-46.735203
1344,31,Store377,GOOD,,-23.631835,-46.735203
1345,29,Store378,GOOD,29,-23.561053,-46.558976
1378,33,Store379,GOOD,,-23.579067,-46.594006
1381,13,Store380,GOOD,,-22.887521,-43.283366
1383,13,Store381,GOOD,29,-22.887521,-43.283366
1395,21,Store382,GOOD,,-23.550407,-46.721291
1397,21,Store383,GOOD,29,-23.550407,-46.721291
1399,3,Store384,FOOD,0,-30.038145,-51.20352
1401,27,Store385,FOOD,49.9,-23.622995,-46.699204
1404,31,Store386,GOOD,29.9,-23.631667,-46.735203
1406,26,Store387,FOOD,49.9,-23.563758,-46.652621
1409,17,Store388,GOOD,29.9,-23.599551,-46.636755
1411,29,Store389,GOOD,29.9,-23.561053,-46.558976
1412,29,Store390,GOOD,29.9,-23.561053,-46.558976
1413,20,Store391,GOOD,29,-22.996848,-43.361197
1415,8,Store392,GOOD,29,-22.921475,-43.234822
1416,13,Store393,GOOD,29,-22.887521,-43.283366
1419,8,Store394,GOOD,29.9,-22.921475,-43.234822
1428,8,Store395,GOOD,,-22.921475,-43.234822
1431,20,Store396,GOOD,29,-22.996848,-43.361197
1432,33,Store397,GOOD,,-23.579067,-46.594006
1433,33,Store398,GOOD,29.9,-23.579067,-46.594006
1435,8,Store399,GOOD,29.9,-22.921475,-43.234822
1437,20,Store400,GOOD,29.9,-22.996848,-43.361197
1438,13,Store401,GOOD,29.9,-22.887521,-43.283366
1442,31,Store402,GOOD,29.9,-23.631835,-46.735203
1454,36,Store403,GOOD,29.9,-30.085743,-51.245997
1455,27,Store404,GOOD,29.9,-23.622995,-46.699204
1458,29,Store405,GOOD,29.9,-23.561053,-46.558976
1460,29,Store406,GOOD,29.9,-23.561053,-46.558976
1473,33,Store407,GOOD,29,-23.579067,-46.594006
1474,33,Store408,GOOD,29,-23.579067,-46.594006
1477,13,Store409,GOOD,29,-22.887521,-43.283366
1482,36,Store410,GOOD,29.9,-22.998897,-43.3371057
1492,18,Store411,GOOD,29.9,-22.972848,-43.188259
1495,18,Store412,GOOD,29.9,-22.930807,-43.177547
1496,18,Store413,GOOD,29.9,-22.956842,-43.176536
1497,35,Store414,GOOD,29.9,-22.982371,-43.361246
1498,16,Store415,GOOD,29.9,-22.973898,-43.367431
1507,18,Store416,GOOD,29.9,-22.902939,-43.179809
1508,8,Store417,GOOD,,-22.921475,-43.234822
1512,8,Store418,GOOD,29,-22.921475,-43.234822
1515,33,Store419,GOOD,29.9,-23.579067,-46.594006
1519,26,Store420,GOOD,29.9,-23.563758,-46.652621
1520,25,Store421,GOOD,29.9,-23.570765,-46.642043
1528,20,Store422,FOOD,49.9,-22.996848,-43.361197
1529,17,Store423,GOOD,,-23.599551,-46.636755
1530,36,Store424,FOOD,49,-30.085743,-51.245997
1538,33,Store425,GOOD,49.9,-23.579067,-46.59282
1539,21,Store426,GOOD,49.9,-23.550407,-46.721291
1551,3,Store427,GOOD,,,
1556,36,Store428,FOOD,49,-30.085743,-51.245997
1560,17,Store429,GOOD,29,-23.599551,-46.636755
1568,33,Store430,GOOD,29,-23.579067,-46.594006
1571,27,Store431,GOOD,,-23.622995,-46.699204
1579,20,Store432,FOOD,49,-22.996848,-43.359636
1583,13,Store433,GOOD,29.9,-22.887521,-43.283366
1584,18,Store434,GOOD,29,-22.94733,-43.183534
1586,8,Store435,FOOD,49.9,-22.921475,-43.234822
1587,35,Store436,FOOD,49.9,-22.97315,-43.370811
1589,43,Store437,GOOD,29,-25.4412212,-49.27769
1590,20,Store438,GOOD,29,-22.996848,-43.361197
1591,33,Store439,GOOD,29,-23.579067,-46.594006
1594,51,Store440,GOOD,29,-22.927336,-43.572533
1600,17,Store441,GOOD,,-23.599551,-46.636755
1601,28,Store442,GOOD,29,-23.595775,-46.685984
1602,25,Store443,GOOD,29,-23.570765,-46.642043
1603,29,Store444,GOOD,,-23.561053,-46.558976
1606,36,Store445,GOOD,,,
1607,13,Store446,GOOD,29,-22.887521,-43.283366
1608,17,Store447,GOOD,29,-23.599551,-46.636755
1609,43,Store448,GOOD,,-25.4412212,-49.27769
1610,42,Store449,GOOD,,-25.438766,-49.266532
1612,44,Store450,GOOD,,-25.4351398,-49.3167883
1620,27,Store451,GOOD,29.9,-23.622995,-46.699204
1621,20,Store452,GOOD,29.9,-22.996848,-43.361197
1622,29,Store453,GOOD,29.9,-23.561053,-46.558976
1629,25,Store454,GOOD,29,-23.570765,-46.642043
1630,33,Store455,GOOD,,-23.579067,-46.594006
1632,17,Store456,GOOD,29,-23.599551,-46.636755
1633,44,Store457,GOOD,,,
1634,8,Store458,GOOD,,-22.921475,-43.234822
1635,37,Store459,FOOD,29,-23.507105,-46.718197
1636,33,Store460,GOOD,29,-23.579067,-46.594006
1641,25,Store461,GOOD,29.9,-23.570765,-46.642043
1642,27,Store462,GOOD,29.9,-23.622995,-46.699204
1647,44,Store463,GOOD,29.29,-25.4351398,-49.3167883
1649,44,Store464,GOOD,29.9,-25.4351398,-49.3167883
1661,44,Store465,GOOD,29.9,-25.4351398,-49.3167883
1664,26,Store466,FOOD,49.9,-23.563758,-46.652621
1667,44,Store467,GOOD,29,-25.4351398,-49.3167883
1674,27,Store468,GOOD,29,-23.622995,-46.699204
1679,17,Store469,GOOD,29.9,-23.599551,-46.636755
1680,43,Store470,GOOD,29.9,-25.4412212,-49.27769
1681,35,Store471,FOOD,49.9,-22.97315,-43.370811
1685,13,Store472,GOOD,29,-22.887521,-43.283366
1693,17,Store473,GOOD,29,-23.599551,-46.636755
1696,33,Store474,FOOD,49.9,-23.579067,-46.594006
1704,28,Store475,FOOD,49,-23.595775,-46.685984
1705,8,Store476,GOOD,29,-22.921475,-43.234822
1721,20,Store477,GOOD,29.9,-22.996848,-43.361197
1723,33,Store478,GOOD,29.9,-23.579067,-46.594006
1728,33,Store479,FOOD,49.9,-23.579067,-46.594006
1729,22,Store480,GOOD,29.9,-23.001696,-43.386494
1730,8,Store481,GOOD,29.9,-22.921475,-43.234822
1739,20,Store482,GOOD,29,-22.996848,-43.361197
1745,43,Store483,GOOD,29.9,-25.4412212,-49.27769
1748,25,Store484,GOOD,29,-23.570765,-46.642043
1772,20,Store485,FOOD,,-22.996848,-43.361197
1784,21,Store486,GOOD,,-23.550407,-46.721291
1787,44,Store487,GOOD,,-25.4351398,-49.3167883
1792,36,Store488,FOOD,49,-30.085743,-51.245997
1799,51,Store489,GOOD,29,-22.927336,-43.572533
1801,17,Store490,GOOD,29.9,-23.599551,-46.636755
1804,3,Store491,FOOD,,-30.038145,-51.20352
1814,13,Store492,FOOD,,-22.887521,-43.283366
1816,44,Store493,GOOD,29.9,-25.4351398,-49.3167883
1820,29,Store494,GOOD,29.9,-23.561053,-46.558976
1822,27,Store495,GOOD,29,-23.622995,-46.699204
1833,8,Store496,GOOD,29,-22.921475,-43.234822
1835,25,Store497,FOOD,49,-23.570765,-46.642043
1842,13,Store498,FOOD,49.9,-22.887521,-43.283366
1844,51,Store499,GOOD,29.9,-22.927336,-43.572533
1852,36,Store500,FOOD,49,-30.085743,-51.245997
1855,16,Store501,GOOD,29,-23.020709,-43.4897
1867,27,Store502,GOOD,29,-23.622995,-46.699204
1872,26,Store503,GOOD,29,-23.563758,-46.652621
1873,26,Store504,GOOD,29,-23.563758,-46.652621
1874,25,Store505,GOOD,29,-23.570765,-46.642043
1875,25,Store506,GOOD,,-23.570765,-46.642043
1881,20,Store507,GOOD,29,-22.996848,-43.361197
1882,20,Store508,GOOD,29,-22.996848,-43.361197
1883,31,Store509,GOOD,,-23.631835,-46.735203
1888,33,Store510,GOOD,29,-23.579067,-46.594006
1899,21,Store511,GOOD,29,-23.550407,-46.721291
1910,17,Store512,GOOD,29,-23.599551,-46.636755
1911,13,Store513,GOOD,29,-22.887521,-43.283366
1914,16,Store514,FOOD,49.9,-23.020709,-43.4897
1923,3,Store515,FOOD,49.9,-30.038145,-51.20352
1924,20,Store516,GOOD,29,-22.996848,-43.361197
1925,17,Store517,GOOD,29.9,-23.599551,-46.636755
1926,17,Store518,GOOD,29.9,-23.599551,-46.636755
1928,44,Store519,FOOD,49.9,-25.4351398,-49.3167883
1930,20,Store520,FOOD,49.9,-22.996848,-43.361197
1940,31,Store521,GOOD,19.9,-23.631835,-46.735203
1964,13,Store522,GOOD,29,-22.887521,-43.283366
1967,43,Store523,GOOD,29.9,-25.4412212,-49.27769
1981,13,Store524,GOOD,,-22.887521,-43.283366
1984,43,Store525,FOOD,49.9,-25.4412212,-49.27769
1987,20,Store526,GOOD,29,-22.996848,-43.361197
1992,43,Store527,GOOD,29,-25.4412212,-49.27769
1996,51,Store528,GOOD,29.9,-22.927336,-43.572533
1997,18,Store529,GOOD,29.9,-22.94733,-43.183534
1999,43,Store530,GOOD,29.9,-25.4412212,-49.27769
2002,44,Store531,GOOD,29.9,-25.4351398,-49.3167883
2006,18,Store532,GOOD,29,-22.94733,-43.183534
2007,26,Store533,GOOD,29.9,-23.563758,-46.652621
2008,8,Store534,GOOD,29.9,-22.921475,-43.234822
2012,44,Store535,GOOD,29,-25.4351398,-49.3167883
2013,31,Store536,GOOD,29,-23.631835,-46.735203
2014,20,Store537,GOOD,29,-22.996848,-43.361197
2026,13,Store538,FOOD,49,-22.887521,-43.283366
2028,13,Store539,GOOD,29,-22.887521,-43.283366
2036,44,Store540,FOOD,49.9,-25.4351398,-49.3167883
2037,28,Store541,GOOD,29,-23.595775,-46.685984
2043,31,Store542,GOOD,29.9,-23.631835,-46.735203
2047,17,Store543,GOOD,29,-23.599551,-46.636755
2049,17,Store544,GOOD,29.9,-23.599551,-46.636755
2050,33,Store545,GOOD,29.9,-23.579067,-46.594006
2052,13,Store546,GOOD,,-22.887521,-43.283366
2055,8,Store547,GOOD,29,-22.921475,-43.234822
2060,43,Store548,FOOD,49.9,-25.4412212,-49.27769
2061,42,Store549,FOOD,49.9,-25.438766,-49.266532
2070,31,Store550,GOOD,29.9,-23.631835,-46.735203
2073,21,Store551,GOOD,29,-23.550407,-46.721291
2074,42,Store552,FOOD,49.9,-25.438766,-49.266532
2078,13,Store553,GOOD,29.9,-22.887521,-43.283366
2079,13,Store554,GOOD,29.9,-22.887521,-43.283366
2080,8,Store555,GOOD,29,-22.921475,-43.234822
2097,33,Store556,GOOD,29,-23.579067,-46.594006
2109,21,Store557,GOOD,29,-23.550407,-46.721291
2110,27,Store558,GOOD,29,-23.622995,-46.699204
2112,51,Store559,FOOD,49.9,-22.926904,-43.572533
2118,8,Store560,GOOD,29,-22.921475,-43.234822
2136,27,Store561,GOOD,29.9,-23.622995,-46.699204
2137,33,Store562,GOOD,29.9,-23.579067,-46.594006
2138,33,Store563,GOOD,29,-23.579067,-46.594006
2139,33,Store564,FOOD,49.9,-23.579067,-46.59282
2142,43,Store565,FOOD,49.9,-25.4412212,-49.27769
2149,43,Store566,FOOD,49.9,-25.4412212,-49.27769
2150,31,Store567,GOOD,29,-23.631835,-46.735203
2156,43,Store568,FOOD,49.9,-25.4412212,-49.27769
2161,28,Store569,FOOD,49.9,-23.595775,-46.685984
2167,25,Store570,GOOD,29,-23.570765,-46.642043
2168,17,Store571,GOOD,29.9,-23.599551,-46.636755
2169,31,Store572,GOOD,,-23.631835,-46.735203
2170,37,Store573,FOOD,49.9,-23.507105,-46.718197
2181,13,Store574,GOOD,29,-22.887521,-43.283366
2188,44,Store575,FOOD,49.9,-25.4351398,-49.3167883
2189,42,Store576,FOOD,49.9,-25.438766,-49.266532
2193,21,Store577,GOOD,,-23.550407,-46.721291
2198,13,Store578,GOOD,29,-22.887521,-43.283366
2211,35,Store579,GOOD,29.9,-22.97315,-43.370811
2216,18,Store580,GOOD,29.9,-22.94733,-43.183534
2221,33,Store581,GOOD,29,-23.579067,-46.594006
2229,42,Store582,GOOD,29,-25.438766,-49.266532
2233,31,Store583,GOOD,29.9,-23.629826,-46.735203
2244,17,Store584,GOOD,29.9,-23.599551,-46.636755
2249,20,Store585,FOOD,0,-22.996848,-43.359636
2257,42,Store586,GOOD,29,-25.438766,-49.266532
2260,44,Store587,GOOD,29,-25.4351398,-49.3167883
2261,43,Store588,GOOD,29,-25.4412212,-49.27769
2264,33,Store589,GOOD,,-23.579067,-46.594006
2267,17,Store590,FOOD,49.9,-23.599551,-46.636755
2270,73,Store591,FOOD,,,
2274,27,Store592,GOOD,,-23.622995,-46.699204
2275,20,Store593,GOOD,29,-22.996848,-43.361197
2276,28,Store594,GOOD,29,-23.595775,-46.685984
2278,51,Store595,GOOD,,,
2292,37,Store596,GOOD,29,-23.507105,-46.718197
2306,13,Store597,GOOD,,-22.887521,-43.283366
2311,13,Store598,GOOD,29.9,-22.887521,-43.283366
2313,36,Store599,FOOD,49,-30.085743,-51.245997
2317,37,Store600,GOOD,0,-23.507105,-46.718197
2326,37,Store601,GOOD,,-23.507105,-46.718197
2354,13,Store602,FOOD,49.9,-22.887521,-43.283366
2355,17,Store603,GOOD,29,-23.581713,-46.64582
2356,8,Store604,GOOD,29.9,-22.921475,-43.234774
2390,8,Store605,GOOD,,-22.921475,-43.234822
2398,27,Store606,FOOD,49.9,-23.622995,-46.699204
2400,75,Store607,GOOD,29.9,-25.477073,-49.28966
2403,42,Store608,GOOD,,-25.438766,-49.266532
2404,43,Store609,GOOD,29.9,-25.4412212,-49.27769
2413,51,Store610,FOOD,,-22.927336,-43.572533
2414,75,Store611,GOOD,29,-25.477073,-49.28966
2425,33,Store612,GOOD,,-23.579067,-46.594003
2429,44,Store613,FOOD,,-25.4351398,-49.3167883
2432,42,Store614,FOOD,29.9,-25.438766,-49.266532
2433,75,Store615,FOOD,29.9,-25.477073,-49.28966
2434,75,Store616,GOOD,,-25.477073,-49.28966
2436,75,Store617,GOOD,29.9,-25.477073,-49.28966
2439,37,Store618,FOOD,49.9,-23.507105,-46.718197
2447,13,Store619,GOOD,29.9,-22.886774,-43.283164
2451,13,Store620,GOOD,,-22.887521,-43.283366
2459,44,Store621,GOOD,29,-25.4351398,-49.3167883
2463,75,Store622,GOOD,,-25.477073,-49.28966
2465,28,Store623,GOOD,,-23.595775,-46.685984
2466,37,Store624,GOOD,,-23.507105,-46.718197
2468,26,Store625,GOOD,29.9,-23.563758,-46.652621
2471,75,Store626,GOOD,,-25.477073,-49.28966
2479,37,Store627,GOOD,29.9,-23.507105,-46.718197
2480,27,Store628,GOOD,29,-23.622995,-46.699204
2482,31,Store629,GOOD,29,-23.631835,-46.735203
2489,75,Store630,GOOD,29.9,-25.477073,-49.28966
2500,51,Store631,GOOD,,-22.927336,-43.572533
2505,13,Store632,GOOD,29,-22.887521,-43.283366
2518,21,Store633,GOOD,29,-23.550407,-46.721291
2529,27,Store634,GOOD,29,-23.622995,-46.699204
2541,51,Store635,FOOD,49,-22.927336,-43.572533
2542,20,Store636,GOOD,29,-22.996848,-43.361197
2543,20,Store637,GOOD,29,-22.996848,-43.35981
2545,29,Store638,GOOD,29,-23.561053,-46.558976
2559,51,Store639,FOOD,,-22.927336,-43.572533
2583,43,Store640,FOOD,49.9,-25.4412212,-49.27769
2587,75,Store641,FOOD,49,-25.477073,-49.28966
2595,8,Store642,GOOD,,-22.921475,-43.234774
2604,21,Store643,GOOD,,-23.550407,-46.721291
2640,27,Store644,GOOD,29,-23.622995,-46.699204
2645,31,Store645,GOOD,29.9,-23.629826,-46.735203
2658,75,Store646,GOOD,29,-25.477073,-49.28966
2661,75,Store647,GOOD,29,-25.477073,-49.28966
2664,75,Store648,GOOD,29,-25.477073,-49.28966
2700,26,Store649,FOOD,49.9,-23.563758,-46.652621
2703,75,Store650,GOOD,29,-25.477073,-49.28966
2710,75,Store651,GOOD,29,-25.477073,-49.28966
2730,44,Store652,FOOD,49,-25.4351398,-49.3167883
2732,35,Store653,FOOD,49,-22.96988,-43.370811
2734,51,Store654,FOOD,49.9,-22.926904,-43.572533
2749,51,Store655,FOOD,49.9,-22.927336,-43.572533
2754,28,Store656,GOOD,29,-23.595215,-46.685984
2756,29,Store657,GOOD,29,-23.561053,-46.558976
2764,44,Store658,GOOD,29,-25.4351398,-49.3167883
2785,37,Store659,GOOD,29,-23.507105,-46.718197
2800,75,Store660,GOOD,29,-25.477073,-49.28966
2812,31,Store661,FOOD,49.9,-23.629826,-46.735203
2816,27,Store662,GOOD,29.9,-23.622995,-46.699204
2836,75,Store663,FOOD,49,-25.477073,-49.28966
2861,44,Store664,GOOD,29,-25.4351398,-49.3167883
2863,36,Store665,GOOD,29.9,-30.085743,-51.245997
2872,13,Store666,GOOD,29.9,-22.887521,-43.283366
2888,75,Store667,GOOD,0,-25.477073,-49.28966
2891,75,Store668,FOOD,49,-25.477073,-49.28966
2894,42,Store669,FOOD,49.9,-25.438766,-49.266532
2904,8,Store670,GOOD,29,-22.921475,-43.234822
2908,36,Store671,FOOD,49.9,-30.085743,-51.245997
2917,17,Store672,GOOD,29,-23.599551,-46.636755
2933,8,Store673,GOOD,,-22.921475,-43.234822
2948,42,Store674,FOOD,49.9,-25.438766,-49.266532
2954,29,Store675,FOOD,0,-23.561053,-46.558976
2955,20,Store676,FOOD,0,-22.996848,-43.35981
2956,18,Store677,FOOD,49.9,-22.94733,-43.183534
2958,35,Store678,FOOD,0,-22.96988,-43.370811
2959,33,Store679,FOOD,0,-23.579067,-46.594006
2960,27,Store680,FOOD,0,-23.622995,-46.699204
2962,25,Store681,FOOD,0,-23.5707484,-46.642043
2963,17,Store682,FOOD,0,-23.599551,-46.636755
2964,8,Store683,FOOD,0,-22.921475,-43.234822
2971,51,Store684,FOOD,49,-22.926904,-43.572533
2980,75,Store685,FOOD,49.9,-25.477073,-49.28966
3000,42,Store686,GOOD,29,-25.438766,-49.266532
3001,43,Store687,GOOD,29.9,-25.4412212,-49.27769
3008,75,Store688,FOOD,49.9,-25.477073,-49.28966
3012,43,Store689,GOOD,29.9,-25.4412212,-49.27769
3016,18,Store690,FOOD,49.9,-22.94733,-43.183534
3019,29,Store691,GOOD,29,-23.561053,-46.558976
3021,43,Store692,GOOD,49.9,-25.4412212,-49.27769
3048,35,Store693,FOOD,49.9,-22.96988,-43.370811
3060,29,Store694,FOOD,49.9,-23.561053,-46.558976
3062,25,Store695,GOOD,29,-23.570169,-46.642043
3063,20,Store696,GOOD,29,-22.996848,-43.359636
3068,37,Store697,FOOD,49.9,-23.507105,-46.718197
3070,17,Store698,FOOD,49.9,-23.599551,-46.636755
3071,31,Store699,FOOD,49.9,-23.631835,-46.735203
3077,75,Store700,GOOD,29.9,-25.477073,-49.28966
3091,25,Store701,FOOD,49.9,-23.570765,-46.642043
3097,26,Store702,FOOD,49.9,-23.563758,-46.652621
3105,27,Store703,FOOD,49.9,-23.622995,-46.699204
3117,8,Store704,FOOD,49.9,-22.921475,-43.234822
3128,20,Store705,GOOD,29.9,-22.996848,-43.359636
3162,37,Store706,GOOD,29.9,-23.507105,-46.718197
3172,44,Store707,GOOD,29,-25.4351398,-49.3167883
3182,51,Store708,GOOD,29,-22.927336,-43.572533
3183,8,Store709,GOOD,29,-22.921475,-43.234822
3185,13,Store710,GOOD,29,-22.887521,-43.283366
3218,27,Store711,GOOD,39,-23.622995,-46.699204
3222,20,Store712,FOOD,49.9,-22.996848,-43.361197
3230,42,Store713,FOOD,49,-25.438766,-49.266532
3254,28,Store714,FOOD,49,-23.595775,-46.685984
3265,37,Store715,FOOD,49.9,-23.507105,-46.718197
3279,44,Store716,GOOD,29,-25.4351398,-49.3167883
3284,31,Store717,GOOD,29.9,-23.629826,-46.735203
3285,25,Store718,GOOD,29.9,-23.570169,-46.642043
3296,29,Store719,FOOD,49,-23.561053,-46.558976
3322,13,Store720,GOOD,29.9,-22.887521,-43.283366
3324,36,Store721,FOOD,49,-30.085743,-51.245997
3325,33,Store722,GOOD,29,-23.579067,-46.59282
3365,31,Store723,GOOD,29,-23.629826,-46.735203
3370,28,Store724,GOOD,29,-23.595775,-46.685984
3388,43,Store725,GOOD,29,-25.4412212,-49.27769
3393,20,Store726,GOOD,29,-22.996848,-43.359636
3394,8,Store727,GOOD,29,-22.921475,-43.234822
3401,43,Store728,FOOD,49.9,-25.4412212,-49.27769
3402,44,Store729,FOOD,49,-25.4351398,-49.3167883
3403,75,Store730,FOOD,49,-25.477073,-49.28966
3404,42,Store731,FOOD,49.9,-25.438766,-49.266532
3405,27,Store732,GOOD,29.9,-23.622995,-46.699204
3406,20,Store733,GOOD,29.9,-22.996848,-43.359636
3412,75,Store734,FOOD,49.9,-25.477073,-49.28966
3418,25,Store735,GOOD,29.9,-23.570169,-46.642043
3420,18,Store736,GOOD,29.9,-22.94733,-43.183534
3422,3,Store737,GOOD,,-30.0374149,-51.20352
3432,43,Store738,GOOD,29,-25.4412212,-49.27769
3433,13,Store739,GOOD,29,-22.887521,-43.283366
3434,33,Store740,GOOD,29,-23.579067,-46.59282
3450,13,Store741,FOOD,,-22.887521,-43.283366
3451,37,Store742,GOOD,29,-23.507105,-46.718197
3460,75,Store743,FOOD,29,-25.477073,-49.28966
3468,75,Store744,FOOD,49,-25.477073,-49.28966
3490,25,Store745,GOOD,29,-23.570765,-46.642043
3491,31,Store746,GOOD,29,-23.631835,-46.735203
3492,17,Store747,GOOD,29,-23.599551,-46.636755
3493,33,Store748,GOOD,29,-23.579067,-46.594006
3497,26,Store749,GOOD,29,-23.563758,-46.652621
3498,37,Store750,GOOD,29,-23.507105,-46.718197
3500,13,Store751,FOOD,29,-22.887521,-43.283366
3509,51,Store752,FOOD,49.9,-22.927336,-43.572533
3510,13,Store753,GOOD,29.9,-22.887521,-43.283366
3512,75,Store754,FOOD,49,-25.477073,-49.28966
3528,51,Store755,FOOD,49.9,-22.927336,-43.572533
3530,43,Store756,GOOD,29,-25.4412212,-49.27769
3535,25,Store757,GOOD,29,-23.570765,-46.642043
3541,44,Store758,FOOD,49,-25.4351398,-49.3167883
3546,37,Store759,FOOD,49,-23.507105,-46.718197
3553,13,Store760,GOOD,29,-22.887521,-43.283366
3588,35,Store761,GOOD,49,-22.97315,-43.370811
3595,43,Store762,FOOD,49.9,-25.4412212,-49.27769
3609,42,Store763,GOOD,29,-25.438766,-49.266532
3612,36,Store764,FOOD,29,-30.085743,-51.245997
3615,33,Store765,GOOD,29,-23.579067,-46.594006
3625,13,Store766,FOOD,49,-22.887521,-43.283366
3627,13,Store767,FOOD,49,-22.887521,-43.283366
3631,8,Store768,GOOD,29,-22.921475,-43.234822
3639,21,Store769,FOOD,49,-23.550407,-46.721291
3641,13,Store770,FOOD,49,-22.887521,-43.283366
3644,75,Store771,FOOD,29,-25.477073,-49.28966
3646,43,Store772,GOOD,29,-25.4412212,-49.27769
3648,8,Store773,GOOD,29.9,-22.921475,-43.234822
3688,21,Store774,GOOD,29,-23.550407,-46.721291
3694,51,Store775,FOOD,,-22.927336,-43.572533
3711,44,Store776,FOOD,49,-25.4351398,-49.3167883
3712,75,Store777,FOOD,49,-25.477073,-49.28966
3721,27,Store778,FOOD,49.9,-23.622995,-46.699204
3723,17,Store779,GOOD,29,-23.599551,-46.636755
3728,13,Store780,FOOD,,-22.887521,-43.283366
3752,86,Store781,GOOD,29,-23.54150197,-46.57671799
3766,21,Store782,GOOD,29,-23.550407,-46.721291
3767,86,Store783,FOOD,49,-23.54150197,-46.57671799
3770,51,Store784,FOOD,49,-22.927336,-43.572533
3778,33,Store785,FOOD,49.9,-23.579067,-46.594006
3780,75,Store786,FOOD,49.9,-25.477073,-49.28966
3804,37,Store787,FOOD,49,-23.507105,-46.718197
3808,75,Store788,GOOD,,-25.477073,-49.28966
3821,35,Store789,FOOD,49,-22.97315,-43.370811
3822,37,Store790,FOOD,49,-23.507105,-46.718197
3832,21,Store791,GOOD,29.9,-23.550407,-46.721291
3835,91,Store792,GOOD,29,-19.8753564,-43.9252624
3847,86,Store793,FOOD,49,-23.54150197,-46.57671799
3862,27,Store794,GOOD,0,-23.622995,-46.6986074
3884,20,Store795,GOOD,29,-22.996848,-43.361197
3902,26,Store796,FOOD,49.9,-23.563758,-46.652621
3916,75,Store797,FOOD,0,-25.477073,-49.28966
3919,43,Store798,GOOD,29,-25.4412212,-49.27769
3920,25,Store799,FOOD,49,-23.570765,-46.642043
3930,16,Store800,FOOD,49.9,-23.020709,-43.4897
3935,75,Store801,FOOD,49,-25.4351398,-49.28966
3936,85,Store802,FOOD,49,-23.51525271,-46.6183535
3937,44,Store803,FOOD,49,-25.4351398,-49.3167883
3938,44,Store804,FOOD,49,-25.4351398,-49.3167883
3943,44,Store805,FOOD,49,-25.4351398,-49.3167883
3961,20,Store806,FOOD,49.9,-22.996848,-43.361197
3965,28,Store807,FOOD,49.9,-23.595775,-46.685984
3966,85,Store808,FOOD,49.9,-23.51525271,-46.6183535
3968,85,Store809,FOOD,49,-23.5133533,-46.6183535
3973,85,Store810,GOOD,29.9,-23.5133533,-46.6183535
3984,85,Store811,FOOD,49,-23.5133533,-46.6183535
3986,85,Store812,FOOD,49,-23.5155164,-46.6183535
3987,85,Store813,FOOD,49,-23.5133533,-46.6183535
3995,85,Store814,GOOD,29,-23.51525271,-46.6183535
3996,85,Store815,FOOD,49,-23.51525271,-46.6183535
4002,43,Store816,FOOD,49,-25.4412212,-49.27769
4003,85,Store817,FOOD,49,-23.51525271,-46.6183535
4009,33,Store818,GOOD,29.9,-23.579067,-46.594006
4012,13,Store819,FOOD,0,-22.887521,-43.283366
4015,37,Store820,FOOD,49,-23.507105,-46.718197
4016,85,Store821,FOOD,49,-23.51525271,-46.6183535
4022,18,Store822,FOOD,49,-22.94733,-43.183534
4023,8,Store823,FOOD,49,-22.921475,-43.234822
4025,37,Store824,FOOD,49.9,-23.507105,-46.718197
4026,25,Store825,FOOD,49.9,-23.570765,-46.642043
4058,85,Store826,FOOD,49,-23.51525271,-46.6183535
4064,85,Store827,FOOD,49,-23.5133533,-46.6183535
4072,44,Store828,FOOD,49,-25.4351398,-49.3167883
4097,51,Store829,FOOD,49,-22.927336,-43.572533
4105,8,Store830,GOOD,,-22.92706,-43.2385163
4109,17,Store831,GOOD,,-23.598468,-46.636687
4110,31,Store832,GOOD,,-23.6308517,-46.735398
4121,21,Store833,GOOD,29,-23.550407,-46.721291
4132,43,Store834,FOOD,49,-25.4412212,-49.27769
4139,86,Store835,FOOD,49,-23.54150197,-46.57671799
4142,18,Store836,FOOD,49.9,-22.94733,-43.183534
4151,85,Store837,FOOD,49.9,-23.5133533,-46.6184904
4153,44,Store838,FOOD,49,-25.4351398,-49.3167883
4157,51,Store839,GOOD,49,-22.927336,-43.572533
4159,29,Store840,FOOD,49.9,-23.561053,-46.558976
4161,26,Store841,GOOD,29,-23.563758,-46.652621
4164,26,Store842,GOOD,29,-23.563758,-46.652621
4165,26,Store843,GOOD,29,-23.563758,-46.652621
4167,26,Store844,GOOD,29,-23.563758,-46.652621
4170,26,Store845,GOOD,29,-23.563758,-46.652621
4171,26,Store846,GOOD,29.9,-23.563758,-46.652621
4181,26,Store847,GOOD,29,-23.563758,-46.652621
4184,26,Store848,GOOD,29,-23.563758,-46.652621
4195,26,Store849,GOOD,29,-23.563758,-46.652621
4199,26,Store850,GOOD,29,-23.563758,-46.652621
4200,8,Store851,FOOD,49,-22.921475,-43.234822
4201,85,Store852,GOOD,49,-23.5133533,-46.6184904
4202,26,Store853,GOOD,29,-23.563758,-46.652621
4203,22,Store854,FOOD,49,-23.001696,-43.386494
4204,22,Store855,FOOD,49,-23.001696,-43.386494
4206,85,Store856,FOOD,49,-23.5133533,-46.6184904
4207,16,Store857,FOOD,49,-23.020709,-43.4897
4208,26,Store858,GOOD,29,-23.563758,-46.652621
4210,33,Store859,FOOD,,-23.579067,-46.594006
4211,29,Store860,FOOD,,-23.561053,-46.558976
4213,17,Store861,FOOD,,-23.599551,-46.636755
4214,44,Store862,FOOD,,-25.4351398,-49.3167883
4243,85,Store863,GOOD,29,-23.5133533,-46.6184904
4245,33,Store864,GOOD,29,-23.579067,-46.594006
4255,85,Store865,GOOD,49,-23.5133533,-46.6184904
4262,85,Store866,GOOD,29,-23.5133533,-46.6184904
4264,85,Store867,GOOD,29.9,-23.5133533,-46.6184904
4266,75,Store868,GOOD,29.9,-25.477073,-49.28966
4271,17,Store869,FOOD,49,-23.599551,-46.636755
4272,75,Store870,GOOD,29,-25.477073,-49.28966
4292,75,Store871,FOOD,49,-25.477073,-49.28966
4296,85,Store872,GOOD,29,-23.5133533,-46.6184904
4299,21,Store873,GOOD,29.9,-23.550407,-46.721291
4300,33,Store874,FOOD,49.9,-23.579067,-46.594006
4302,42,Store875,FOOD,49,-25.438766,-49.266532
4305,20,Store876,FOOD,0,-22.996848,-43.361197
4314,25,Store877,FOOD,,-23.570765,-46.642043
4315,27,Store878,FOOD,0,-23.622995,-46.699204
4316,43,Store879,FOOD,0,-25.4412212,-49.27769
4317,85,Store880,GOOD,29,-23.5133533,-46.6184904
4320,21,Store881,GOOD,29,-23.550407,-46.721291
4328,27,Store882,GOOD,29,-23.622995,-46.699204
4329,55,Store883,GOOD,1,-23.5217758,-46.6241516
4334,44,Store884,FOOD,,-25.4351398,-49.3167883
4335,20,Store885,FOOD,49,-22.996848,-43.361197
4336,26,Store886,GOOD,29,-23.563758,-46.652621
4344,31,Store887,GOOD,1,-23.631835,-46.735203
4347,36,Store888,GOOD,1,-30.085743,-51.245997
4348,28,Store889,GOOD,1,-23.595775,-46.685984
4352,35,Store890,GOOD,1,-22.97315,-43.370811
4354,33,Store891,FOOD,49.9,-23.579067,-46.594006
4355,13,Store892,GOOD,1,-22.887521,-43.283366
4373,86,Store893,FOOD,49,-23.54150197,-46.57671799
4386,28,Store894,GOOD,29.9,-23.595775,-46.685984
4388,29,Store895,GOOD,29.9,-23.561053,-46.558976
4389,85,Store896,GOOD,1,-23.5133533,-46.6184904
4396,85,Store897,GOOD,29,-23.5133533,-46.6184904
4398,37,Store898,GOOD,29,-23.507105,-46.718197
4402,51,Store899,FOOD,49,-22.927336,-43.572533
4403,13,Store900,GOOD,29,-22.887521,-43.283366
4434,35,Store901,GOOD,49,-22.97315,-43.370811
4439,75,Store902,GOOD,49,-25.477073,-49.28966
4440,75,Store903,GOOD,49,-25.477073,-49.28966
4441,35,Store904,GOOD,29,-22.97315,-43.370811
4442,35,Store905,GOOD,29,-22.97315,-43.370811
4443,75,Store906,GOOD,49,-25.477073,-49.28966
4447,35,Store907,GOOD,,-22.97315,-43.370811
4448,35,Store908,GOOD,29,-22.97315,-43.370811
4449,35,Store909,GOOD,29,-22.97315,-43.370811
4451,13,Store910,GOOD,49.9,-22.887521,-43.283366
4452,43,Store911,GOOD,49,-25.4412212,-49.27769
4453,42,Store912,GOOD,49,-25.438766,-49.266532
4459,13,Store913,GOOD,29,-22.887521,-43.283366
4462,37,Store914,GOOD,29,-23.507105,-46.531521
4467,37,Store915,GOOD,29.9,-23.507105,-46.718197
4483,85,Store916,GOOD,29,-23.5133533,-46.6184904
4484,35,Store917,GOOD,29,-22.97315,-43.370811
4488,36,Store918,FOOD,49,-30.085743,-51.245997
4489,29,Store919,GOOD,,-23.561053,-46.558976
4491,13,Store920,GOOD,,-22.8874999,-43.2848835
4498,85,Store921,GOOD,49,-23.5133533,-46.6184904
4510,33,Store922,FOOD,,-23.579067,-46.594006
4512,20,Store923,FOOD,49.9,-22.996848,-43.361197
4524,35,Store924,GOOD,29,-22.97315,-43.370811
4531,37,Store925,GOOD,49,-23.507105,-46.718197
4553,85,Store926,GOOD,,-23.5133533,-46.6184904
4556,37,Store927,FOOD,49,-23.507105,-46.718197
4558,86,Store928,GOOD,49,-23.54150197,-46.57671799
4559,85,Store929,GOOD,49,-23.5133533,-46.6184904
4564,25,Store930,GOOD,49,-23.570765,-46.642043
4567,85,Store931,GOOD,49,-23.5133533,-46.6184904
4568,85,Store932,GOOD,49,-23.5133533,-46.6184904
4572,85,Store933,GOOD,49,-23.5133533,-46.6184904
4585,85,Store934,GOOD,49,-23.5133533,-46.6184904
4587,85,Store935,GOOD,49,-23.5133533,-46.6184904
4596,44,Store936,GOOD,29,-25.4351398,-49.3167883
4605,85,Store937,GOOD,49,-23.5133533,-46.6184904
4611,36,Store938,FOOD,49,-30.085743,-51.245997
4624,27,Store939,GOOD,0,-23.622995,-46.699204
4625,8,Store940,GOOD,0,-22.921475,-43.234822
4637,16,Store941,FOOD,,-23.020709,-43.4897
4645,44,Store942,GOOD,29.9,-25.4351398,-49.3167883
4648,86,Store943,FOOD,49.9,-23.54150197,-46.57671799
4650,25,Store944,FOOD,0,-23.570765,-46.642043
4660,85,Store945,GOOD,49.9,-23.5133533,-46.6184904
4664,29,Store946,GOOD,49,-23.561053,-46.558976
4669,21,Store947,GOOD,29,-23.550407,-46.721291
4671,25,Store948,GOOD,49.9,-23.570765,-46.642043
4675,13,Store949,GOOD,29,-22.887521,-43.283366
4676,75,Store950,GOOD,49.9,-25.477073,-49.28966
4679,85,Store951,FOOD,49.9,-23.5133533,-46.6184904
